instance_seed,method,depth,qaoa_seed,jobs,nodes,penalty,f_opt,best_expectation,final_expectation,num_evaluations,restarts,maxiter,runtime_qaoa_s,optimizer,selected_objective,selection_rule,approx_ratio_selected,approx_ratio_mean_feasible,p_feasible,p_infeasible,p_optimal,best_feasible_objective,mean_feasible_objective,mean_objective_all,std_objective_all,most_likely_objective,most_likely_feasible,selected_overload,expectation_value,total_runtime_s,greedy_objective,greedy_overload,random_best_objective,random_mean_objective,random_p_optimal,sa_objective,sa_runtime_s
0,xy,1,0,6,3,,1.1895544941475333,2901.377835536996,2901.377835536996,27,1,150,5.76458730000013,COBYLA,1.1895544941475333,best-feasible-in-distribution,1.0,0.0004099964091465395,0.9999999999999962,3.774758283725532e-15,0.002806027541520968,1.1895544941475333,2901.3778355370105,2901.377835537011,2443.271834576512,145.98846985099354,True,0.0,2901.377835536999,13.038660899997922,84.46646805131107,6.0,1.1895544941475333,3090.470813642917,0.0026,1.1895544941475333,1.1138951999964775
0,soft,1,0,6,3,1e-06,1.1895544941475333,4314.272303741902,4314.272303741902,25,1,150,6.935770899995987,COBYLA,1.1895544941475333,best-feasible-in-distribution,1.0,0.000568473601011675,0.0026178542079813055,0.9973821457920187,1.3889785872361584e-06,1.1895544941475333,2092.5413106792676,4314.272297858209,3046.0569170141425,2772.982343654373,False,0.0,4314.27230374188,15.028608699998586,84.46646805131107,6.0,1.1895544941475333,3090.470813642917,0.0026,1.1895544941475333,1.284123700002965
0,xy,2,0,6,3,,1.1895544941475333,2878.883454359737,2878.883454359737,36,1,150,14.347503800003324,COBYLA,1.1895544941475333,best-feasible-in-distribution,1.0,0.00041319994817646687,0.9999999999999982,1.7763568394002505e-15,0.002099563848919138,1.1895544941475333,2878.8834543597422,2878.8834543597427,2555.70802801844,1034.298540727843,True,0.0,2878.8834543597372,22.423795300004713,,,,,,,
0,soft,2,0,6,3,1e-06,1.1895544941475333,4257.805907206586,4257.805907206586,37,1,150,13.537086299998919,COBYLA,1.1895544941475333,best-feasible-in-distribution,1.0,0.0003651697351453108,0.003527755200990899,0.9964722447990091,1.1560174934241459e-06,1.1895544941475333,3257.5385626472516,4257.805901526209,3227.0030886294394,3325.1888619809097,False,0.0,4257.805907206558,17.35538280000037,,,,,,,
0,xy,3,0,6,3,,1.1895544941475333,2829.432410690092,2829.432410690092,50,1,150,28.06992999999784,COBYLA,1.1895544941475333,best-feasible-in-distribution,1.0,0.00042042159750951824,1.0,0.0,0.0007607252573270318,1.1895544941475333,2829.4324106900863,2829.432410690086,2380.629277048545,1135.8943258361705,True,0.0,2829.432410690096,35.12068200000067,,,,,,,
0,soft,3,0,6,3,1e-06,1.1895544941475333,4334.997138547049,4334.997138547049,53,1,150,30.761383599994588,COBYLA,1.1895544941475333,best-feasible-in-distribution,1.0,0.0005490404786521177,0.002213646874786876,0.9977863531252131,1.8299425169370653e-06,1.1895544941475333,2166.606180054089,4334.9971324623475,2993.407208170496,8507.262005873681,False,0.0,4334.997138547021,38.6615512999997,,,,,,,
0,xy,1,1,6,3,,1.1895544941475333,2804.515077993763,2804.515077993763,27,1,150,13.46627580000495,COBYLA,1.1895544941475333,best-feasible-in-distribution,1.0,0.0004241569259090909,0.9999999999999967,3.3306690738754696e-15,0.012091570939505851,1.1895544941475333,2804.5150779937735,2804.5150779937735,2364.1299172312706,1182.5416469299748,True,0.0,2804.515077993764,23.522628099999565,,,,,,,
0,soft,1,1,6,3,1e-06,1.1895544941475333,4811.2167721024725,4811.2167721024725,23,1,150,5.037988900003256,COBYLA,1.1895544941475333,best-feasible-in-distribution,1.0,0.0004032595308385608,0.0032114635186833865,0.9967885364813166,6.475423182045889e-07,1.1895544941475333,2949.8484305477073,4811.216766258501,3359.4177398972947,4631.707443920085,False,0.0,4811.216772102446,9.56516090000514,,,,,,,
0,xy,2,1,6,3,,1.1895544941475333,2753.4478724368455,2753.4478724368455,34,1,150,13.805763200005458,COBYLA,1.1895544941475333,best-feasible-in-distribution,1.0,0.00043202361158004184,1.0,0.0,0.0024326149785355855,1.1895544941475333,2753.447872436811,2753.447872436811,2476.50603738844,2521.4800418301197,True,0.0,2753.4478724368328,16.902044399997976,,,,,,,
0,soft,2,1,6,3,1e-06,1.1895544941475333,4391.103739508605,4391.103739508605,39,1,150,15.924912899994524,COBYLA,1.1895544941475333,best-feasible-in-distribution,1.0,0.0004860573720940813,0.002418151132767999,0.997581848867232,2.5267068298235913e-06,1.1895544941475333,2447.3540829605668,4391.103733825928,3078.970989988238,3667.3086521682526,False,0.0,4391.1037395085805,19.334549300001527,,,,,,,
0,xy,3,1,6,3,,1.1895544941475333,2758.3257011567703,2758.3257011567703,57,1,150,26.90049899999576,COBYLA,1.1895544941475333,best-feasible-in-distribution,1.0,0.0004312596201560494,1.0,0.0,0.004466134288998341,1.1895544941475333,2758.3257011567607,2758.325701156761,2417.0865723281395,2875.441429588105,True,0.0,2758.325701156772,31.185665199998766,,,,,,,
0,soft,3,1,6,3,1e-06,1.1895544941475333,4411.795678408778,4411.795678408778,49,1,150,40.1462670999972,COBYLA,1.1895544941475333,best-feasible-in-distribution,1.0,0.0005176772776665766,0.0029000578266338223,0.9970999421733662,7.783695366624126e-06,1.1895544941475333,2297.8688566541578,4411.795672644317,3289.148387190824,2271.9193960818648,False,0.0,4411.7956784087555,45.52958860000217,,,,,,,
0,xy,1,2,6,3,,1.1895544941475333,2713.222806256296,2713.222806256296,29,1,150,7.426972100001876,COBYLA,1.1895544941475333,best-feasible-in-distribution,1.0,0.0004384286065282208,1.0,0.0,6.346804417096861e-05,1.1895544941475333,2713.2228062562885,2713.2228062562876,2400.124531181791,599.2281667361615,True,0.0,2713.2228062562963,19.04192519999924,,,,,,,
0,soft,1,2,6,3,1e-06,1.1895544941475333,4340.670131632844,4340.670131632844,25,1,150,4.682446799997706,COBYLA,1.1895544941475333,best-feasible-in-distribution,1.0,0.0004611166423241261,0.0028229726060339604,0.9971770273939661,3.3817396874893184e-05,1.1895544941475333,2579.7257894486856,4340.670125968324,3303.0168618944954,314.9844210422264,False,0.0,4340.670131632818,16.256542400005856,,,,,,,
0,xy,2,2,6,3,,1.1895544941475333,2870.532932052041,2870.532932052041,42,1,150,20.235611200005224,COBYLA,1.1895544941475333,best-feasible-in-distribution,1.0,0.00041440196726716036,1.0,0.0,0.0036670221633003574,1.1895544941475333,2870.532932052035,2870.5329320520364,2555.5369486538875,6110.231448923171,True,0.0,2870.532932052044,24.87160969999968,,,,,,,
0,soft,2,2,6,3,1e-06,1.1895544941475333,4058.7708115176265,4058.7708115176265,36,1,150,12.04451159999735,COBYLA,1.1895544941475333,best-feasible-in-distribution,1.0,0.00047812561447378076,0.004328740882349524,0.9956712591176504,4.892126233901515e-07,1.1895544941475333,2487.953914489067,4058.7708062442216,3049.2339644071053,756.88557810736,False,0.0,4058.7708115176024,19.908843300006993,,,,,,,
0,xy,3,2,6,3,,1.1895544941475333,2826.4478407536303,2826.4478407536303,50,1,150,24.06368510000175,COBYLA,1.1895544941475333,best-feasible-in-distribution,1.0,0.0004208655390684108,0.999999999999992,7.993605777301127e-15,0.0010724171052647704,1.1895544941475333,2826.4478407536562,2826.4478407536562,2471.250512667074,1108.3276385433583,True,0.0,2826.4478407536335,32.02694459999475,,,,,,,
0,soft,3,2,6,3,1e-06,1.1895544941475333,4028.39940178308,4028.39940178308,55,1,150,30.257155400002375,COBYLA,1.1895544941475333,best-feasible-in-distribution,1.0,0.0005150622887956953,0.0030282627277605284,0.9969717372722394,3.596378093476639e-06,1.1895544941475333,2309.535215495814,4028.3993960419675,3190.6464931695728,909.5395800856643,False,0.0,4028.399401783054,38.52736359999835,,,,,,,
1,xy,1,0,6,3,,1.6472820974226292,3420.373083683892,3420.373083683892,27,1,150,22.76523850000376,COBYLA,1.6472820974226292,best-feasible-in-distribution,1.0,0.0004816088938603238,0.9999999999999978,2.220446049250313e-15,0.0013341562646499668,1.6472820974226292,3420.3730836839027,3420.3730836839027,2870.7882452871995,797.5213465167783,True,0.0,3420.3730836838945,24.337927799999306,7.145170747063613,1.0,1.6472820974226292,3749.761481838099,0.0013,4.555230684697233,0.32788040000014007
1,soft,1,0,6,3,0.2830519652673393,1.6472820974226292,6161.066055534147,6161.066055534147,32,1,150,9.993887900003756,COBYLA,1.6472820974226292,best-feasible-in-distribution,1.0,0.0003797494367091102,0.0032390259923013895,0.9967609740076986,3.8599693555876264e-08,1.6472820974226292,4337.813142523381,6159.336606150942,4418.325040497947,4062.65633036249,False,0.0,6161.066055534118,12.458657300005143,7.145170747063613,1.0,1.6472820974226292,3749.761481838099,0.0013,4.555230684697233,0.3822954000061145
1,xy,2,0,6,3,,1.6472820974226292,3349.353113871356,3349.353113871356,34,1,150,11.424757500004489,COBYLA,1.6472820974226292,best-feasible-in-distribution,1.0,0.0004918209700256461,1.0,0.0,0.0023510516605621122,1.6472820974226292,3349.353113871357,3349.353113871356,2807.6701596583143,864.580361764656,True,0.0,3349.353113871357,14.225505900001735,,,,,,,
1,soft,2,0,6,3,0.2830519652673393,1.6472820974226292,6123.774173808228,6123.774173808228,35,1,150,14.739189400002942,COBYLA,1.6472820974226292,best-feasible-in-distribution,1.0,0.0005141546992859982,0.0037685284072514233,0.9962314715927486,1.165339782225967e-05,1.6472820974226292,3203.864711749585,6122.123861151297,4335.018293431617,3398.7269355662665,False,0.0,6123.774173808184,18.3163002999936,,,,,,,
1,xy,3,0,6,3,,1.6472820974226292,3470.689579164961,3470.689579164961,59,1,150,27.806696399995417,COBYLA,1.6472820974226292,best-feasible-in-distribution,1.0,0.0004746267448726869,0.999999999999994,5.995204332975845e-15,0.0001317635035843379,1.6472820974226292,3470.6895791649786,3470.689579164979,2989.6412347145965,217.58431430710044,True,0.0,3470.6895791649576,42.88563310000609,,,,,,,
1,soft,3,0,6,3,0.2830519652673393,1.6472820974226292,6183.719221457511,6183.719221457511,58,1,150,44.35149369999999,COBYLA,1.6472820974226292,best-feasible-in-distribution,1.0,0.000430869993733458,0.002938779124730236,0.9970612208752697,8.519911748493206e-06,1.6472820974226292,3823.1534369544893,6182.016165203582,4396.950258211067,6492.70507662178,False,0.0,6183.719221457472,68.6015239000044,,,,,,,
1,xy,1,1,6,3,,1.6472820974226292,3528.8614606294423,3528.8614606294423,30,1,150,6.322700500000792,COBYLA,1.6472820974226292,best-feasible-in-distribution,1.0,0.0004668027112429629,0.9999999999999983,1.6653345369377348e-15,0.0033499438856425456,1.6472820974226292,3528.8614606294495,3528.86146062945,2834.539686814347,4751.525606745747,True,0.0,3528.8614606294436,19.066189299999678,,,,,,,
1,soft,1,1,6,3,0.2830519652673393,1.6472820974226292,6126.679070838505,6126.679070838505,26,1,150,5.6140876999998,COBYLA,1.6472820974226292,best-feasible-in-distribution,1.0,0.0004697746601300561,0.0028617522288194863,0.9971382477711805,1.1597956669531155e-05,1.6472820974226292,3506.536723301727,6124.986458633339,4342.039100173339,6815.2760994881555,False,0.0,6126.679070838477,17.15879270000005,,,,,,,
1,xy,2,1,6,3,,1.6472820974226292,3246.7803929718893,3246.7803929718893,36,1,150,12.383339699998032,COBYLA,1.6472820974226292,best-feasible-in-distribution,1.0,0.0005073586439626167,1.0,0.0,9.594450053480924e-05,1.6472820974226292,3246.7803929718884,3246.7803929718903,2542.7475127236976,3211.872456240458,True,0.0,3246.78039297189,21.703317499996047,,,,,,,
1,soft,2,1,6,3,0.2830519652673393,1.6472820974226292,5906.232130739685,5906.232130739685,45,1,150,16.226899300003424,COBYLA,1.6472820974226292,best-feasible-in-distribution,1.0,0.0004992292508380703,0.0028781681597945382,0.9971218318402054,5.691232268568459e-06,1.6472820974226292,3299.650600715583,5904.593775681774,4238.095992521252,647.5926696557783,False,0.0,5906.232130739659,23.805968100001337,,,,,,,
1,xy,3,1,6,3,,1.6472820974226292,3401.229250639498,3401.229250639498,56,1,150,31.19480179999664,COBYLA,1.6472820974226292,best-feasible-in-distribution,1.0,0.00048431963153113087,1.0,0.0,0.0012098583819504377,1.6472820974226292,3401.2292506395047,3401.2292506395047,2875.3521765293635,440.53401461893236,True,0.0,3401.229250639508,41.390897099998256,,,,,,,
1,soft,3,1,6,3,0.2830519652673393,1.6472820974226292,5622.2164939971335,5622.2164939971335,54,1,150,27.120280800001638,COBYLA,1.6472820974226292,best-feasible-in-distribution,1.0,0.0004950025526529189,0.003461104999318788,0.9965388950006812,8.800236316195642e-07,1.6472820974226292,3327.8254598772837,5620.61600219817,4050.4999047248516,3674.187320210902,False,0.0,5622.216493997106,48.93587000000116,,,,,,,
1,xy,1,2,6,3,,1.6472820974226292,3307.9700182788006,3307.9700182788006,27,1,150,7.6970733999987715,COBYLA,1.6472820974226292,best-feasible-in-distribution,1.0,0.000497973708443628,0.9999999999999983,1.6653345369377348e-15,0.0024175885495697626,1.6472820974226292,3307.970018278799,3307.9700182788006,3170.1722747285853,372.5764467504621,True,0.0,3307.9700182787947,11.134279900004913,,,,,,,
1,soft,1,2,6,3,0.2830519652673393,1.6472820974226292,4788.705415637819,4788.705415637819,27,1,150,6.475844000000507,COBYLA,1.6472820974226292,best-feasible-in-distribution,1.0,0.00042159305656476627,0.006623916172141241,0.9933760838278588,2.0252727017242584e-06,1.6472820974226292,3907.2799510624036,4787.209035905385,3500.6134873595033,2769.6268490008056,False,0.0,4788.705415637791,8.504554400002235,,,,,,,
1,xy,2,2,6,3,,1.6472820974226292,3496.0323373334318,3496.0323373334318,38,1,150,12.559660699997039,COBYLA,1.6472820974226292,best-feasible-in-distribution,1.0,0.000471186172917122,1.0,0.0,0.005085590346315607,1.6472820974226292,3496.0323373334077,3496.0323373334077,2964.181289185577,3211.872456240458,True,0.0,3496.0323373334168,17.8416894999973,,,,,,,
1,soft,2,2,6,3,0.2830519652673393,1.6472820974226292,5917.767358920434,5917.767358920434,35,1,150,12.164763200002199,COBYLA,1.6472820974226292,best-feasible-in-distribution,1.0,0.00044077705901934426,0.0031245972670036976,0.9968754027329964,1.603411749382211e-06,1.6472820974226292,3737.222851587508,5916.092321973161,4246.516246855659,669.3712179120039,False,0.0,5917.767358920397,15.754043799999636,,,,,,,
1,xy,3,2,6,3,,1.6472820974226292,3410.491022613115,3410.491022613115,55,1,150,25.83761190000223,COBYLA,1.6472820974226292,best-feasible-in-distribution,1.0,0.00048300437869514803,1.0,0.0,0.00202432931661926,1.6472820974226292,3410.4910226131183,3410.4910226131183,2956.878819491013,206.58441686927517,True,0.0,3410.491022613125,45.57578310000099,,,,,,,
1,soft,3,2,6,3,0.2830519652673393,1.6472820974226292,5564.664853578333,5564.664853578333,51,1,150,26.640801899993676,COBYLA,1.6472820974226292,best-feasible-in-distribution,1.0,0.00048822550805023584,0.0025876284366244994,0.9974123715633755,8.541523578699356e-08,1.6472820974226292,3374.018911877772,5562.9843441991725,4128.061458487983,1028.446493593449,False,0.0,5564.664853578295,54.505467599999974,,,,,,,
2,xy,1,0,6,3,,0.929981368206904,3201.1372527760777,3201.1372527760777,30,1,150,6.630583500002103,COBYLA,0.929981368206904,best-feasible-in-distribution,1.0,0.0002905159306744533,0.9999999999999992,7.771561172376096e-16,0.0003963283942123254,0.929981368206904,3201.137252776075,3201.137252776075,2805.5390158143346,1521.4707342902684,True,0.0,3201.1372527760727,19.02093700000114,68.55118553599675,6.0,0.929981368206904,3496.4522310072603,0.001,0.929981368206904,0.317243999998027
2,soft,1,0,6,3,0.015365458006286697,0.929981368206904,5752.140282210564,5752.140282210564,23,1,150,8.351727100001881,COBYLA,0.929981368206904,best-feasible-in-distribution,1.0,0.00027990079167333824,0.002780242547055346,0.9972197574529447,2.755605879916852e-06,0.929981368206904,3322.5392563099663,5752.04925969153,4093.307398324191,1524.3494743306596,False,0.0,5752.140282210533,16.998680400000012,68.55118553599675,6.0,0.929981368206904,3496.4522310072603,0.001,0.929981368206904,0.3123593000054825
2,xy,2,0,6,3,,0.929981368206904,3232.618207416548,3232.618207416548,50,1,150,24.23045809999894,COBYLA,0.929981368206904,best-feasible-in-distribution,1.0,0.000287686732096373,0.9999999999999942,5.773159728050814e-15,3.888625341160205e-05,0.929981368206904,3232.6182074165554,3232.6182074165554,2615.214524793731,6464.95460988616,True,0.0,3232.6182074165367,26.86216539999441,,,,,,,
2,soft,2,0,6,3,0.015365458006286697,0.929981368206904,5152.0707327392265,5152.0707327392265,40,1,150,18.611732099998335,COBYLA,0.929981368206904,best-feasible-in-distribution,1.0,0.00034158763435127514,0.0027702639618987722,0.9972297360381013,8.490213349079187e-06,0.929981368206904,2722.5264461726624,5151.978544451381,3782.60490883864,1388.197978702401,False,0.0,5152.070732739189,21.975019899997278,,,,,,,
2,xy,3,0,6,3,,0.929981368206904,3196.8583679304493,3196.8583679304493,51,1,150,28.419460099998105,COBYLA,0.929981368206904,best-feasible-in-distribution,1.0,0.0002909047762441066,1.0,0.0,0.0062269457421349735,0.929981368206904,3196.8583679304384,3196.8583679304393,2935.088509737936,3279.5170487587766,True,0.0,3196.8583679304447,38.4514749000009,,,,,,,
2,soft,3,0,6,3,0.015365458006286697,0.929981368206904,5016.95405216066,5016.95405216066,51,1,150,25.634242000000086,COBYLA,0.929981368206904,best-feasible-in-distribution,1.0,0.0003496369294455886,0.002642285452873091,0.997357714547127,3.6273277984100667e-06,0.929981368206904,2659.848802818268,5016.863336767623,3780.622552906588,2517.5672827715034,False,0.0,5016.954052160636,47.09000029999879,,,,,,,
2,xy,1,1,6,3,,0.929981368206904,3283.4062865692486,3283.4062865692486,24,1,150,5.024265599997307,COBYLA,0.929981368206904,best-feasible-in-distribution,1.0,0.0002832367629954858,0.9999999999999972,2.7755575615628914e-15,0.003335502324213938,0.929981368206904,3283.406286569254,3283.406286569255,2824.855079005707,1139.2027379258193,True,0.0,3283.406286569246,10.06556129999808,,,,,,,
2,soft,1,1,6,3,0.015365458006286697,0.929981368206904,5300.076917312174,5300.076917312174,24,1,150,4.895705000002636,COBYLA,0.929981368206904,best-feasible-in-distribution,1.0,0.0003502426094520608,0.0025240994778698593,0.9974759005221301,8.484716682825777e-06,0.929981368206904,2655.2490848038706,5299.984936758095,3599.867492838459,150.60516201478953,False,0.0,5300.0769173121425,7.875661300000502,,,,,,,
2,xy,2,1,6,3,,0.929981368206904,3206.3711443275984,3206.3711443275984,45,1,150,15.886355900001945,COBYLA,0.929981368206904,best-feasible-in-distribution,1.0,0.0002900417095669457,0.9999999999999998,2.220446049250313e-16,0.0022274487972999838,0.929981368206904,3206.3711443276097,3206.3711443276097,2764.6756057889506,191.7860351968502,True,0.0,3206.371144327609,21.39817739999853,,,,,,,
2,soft,2,1,6,3,0.015365458006286697,0.929981368206904,4870.855669076579,4870.855669076579,40,1,150,14.325488499998755,COBYLA,0.929981368206904,best-feasible-in-distribution,1.0,0.00033947839264946675,0.004072665526981056,0.995927334473019,1.4016606886041344e-05,0.929981368206904,2739.4420038013127,4870.771840585097,3539.6532603652695,2865.9943251908585,False,0.0,4870.85566907655,17.803709500003606,,,,,,,
2,xy,3,1,6,3,,0.929981368206904,3243.254735037817,3243.254735037817,50,1,150,23.664052699998138,COBYLA,0.929981368206904,best-feasible-in-distribution,1.0,0.00028674323917885446,0.9999999999999978,2.220446049250313e-15,0.0014335522243303603,0.929981368206904,3243.2547350378277,3243.2547350378272,2762.908353436223,603.9157590048997,True,0.0,3243.2547350378204,42.479061800004274,,,,,,,
2,soft,3,1,6,3,0.015365458006286697,0.929981368206904,4777.844877105938,4777.844877105938,51,1,150,28.96056790000148,COBYLA,0.929981368206904,best-feasible-in-distribution,1.0,0.00036745153487262213,0.0031901696422788903,0.9968098303577211,1.674058604784206e-06,0.929981368206904,2530.89531529453,4777.757772485824,3574.079086126234,1978.0388948064538,False,0.0,4777.844877105912,57.722556100001384,,,,,,,
2,xy,1,2,6,3,,0.929981368206904,3353.712508547932,3353.712508547932,24,1,150,5.146441199998662,COBYLA,0.929981368206904,best-feasible-in-distribution,1.0,0.00027729907254619263,1.0,0.0,2.6051631179059575e-05,0.929981368206904,3353.7125085479224,3353.7125085479224,2842.26116525988,2207.2178276217983,True,0.0,3353.712508547927,13.6406857999973,,,,,,,
2,soft,1,2,6,3,0.015365458006286697,0.929981368206904,4250.067767962973,4250.067767962973,30,1,150,29.111540799996874,COBYLA,0.929981368206904,best-feasible-in-distribution,1.0,0.00027794777239473494,0.0037252053773515403,0.9962747946226485,1.3455188791003215e-07,0.929981368206904,3345.885308575764,4249.98282545422,3525.618648711605,2389.7755829530815,False,0.0,4250.067767962951,35.98876089999976,,,,,,,
2,xy,2,2,6,3,,0.929981368206904,3256.9435480401835,3256.9435480401835,36,1,150,22.309608800002025,COBYLA,0.929981368206904,best-feasible-in-distribution,1.0,0.00028553806797372984,0.9999999999999952,4.773959005888173e-15,0.0010761069091661504,0.929981368206904,3256.943548040202,3256.9435480402026,2890.072652443589,2918.8987750313263,True,0.0,3256.9435480401867,25.31913920000079,,,,,,,
2,soft,2,2,6,3,0.015365458006286697,0.929981368206904,5446.855033792328,5446.855033792328,40,1,150,20.08590820000245,COBYLA,0.929981368206904,best-feasible-in-distribution,1.0,0.0002828758065651845,0.002865093108298608,0.9971349068917014,1.8533543130144115e-07,0.929981368206904,3287.595993093894,5446.764727111721,3983.080391669103,1028.6790150664524,False,0.0,5446.855033792299,23.744175700005144,,,,,,,
2,xy,3,2,6,3,,0.929981368206904,3117.1444049827637,3117.1444049827637,60,1,150,32.63937050000095,COBYLA,0.929981368206904,best-feasible-in-distribution,1.0,0.00029834401214147194,0.9999999999999944,5.551115123125783e-15,0.002267499616105774,0.929981368206904,3117.1444049827805,3117.1444049827815,2714.7162730170753,6611.556813061832,True,0.0,3117.1444049827633,41.013027399996645,,,,,,,
2,soft,3,2,6,3,0.015365458006286697,0.929981368206904,4590.3852214552935,4590.3852214552935,53,1,150,29.23122549999971,COBYLA,0.929981368206904,best-feasible-in-distribution,1.0,0.00026816574154757275,0.0035646686803317306,0.9964353313196682,2.191082846442276e-06,0.929981368206904,3467.935027196324,4590.3007960055265,3491.767396537834,1661.0928906906395,False,0.0,4590.385221455275,45.33974529999978,,,,,,,
3,xy,1,0,6,3,,4.6361878475868,2607.6866811929904,2607.6866811929904,22,1,150,4.8914524000065285,COBYLA,4.6361878475868,best-feasible-in-distribution,1.0,0.0017778929811712637,1.0,0.0,0.006977106482429971,4.6361878475868,2607.686681192988,2607.686681192989,1992.9147944956362,4423.579646870886,True,0.0,2607.686681192996,6.460756099993887,4.6361878475868,0.0,4.6361878475868,2637.785933479735,0.006,4.6361878475868,0.380339900002582
3,soft,1,0,6,3,0.19887018046597735,4.6361878475868,4222.532240570418,4222.532240570418,24,1,150,9.117164700001013,COBYLA,4.6361878475868,best-feasible-in-distribution,1.0,0.002016345296850316,0.002609441538493922,0.997390558461506,4.2733572282055755e-05,4.6361878475868,2299.3025325716167,4221.3289011232555,2940.330749482444,5371.700455569694,False,0.0,4222.532240570402,11.725025400002778,4.6361878475868,0.0,4.6361878475868,2637.785933479735,0.006,4.6361878475868,0.3099431000009645
3,xy,2,0,6,3,,4.6361878475868,2738.304433801679,2738.304433801679,37,1,150,14.825692200000049,COBYLA,4.6361878475868,best-feasible-in-distribution,1.0,0.0016930870762058524,1.0,0.0,0.0058777332734951115,4.6361878475868,2738.3044338016753,2738.3044338016753,2036.4837056592141,2095.0823681986817,True,0.0,2738.304433801677,17.71234249999543,,,,,,,
3,soft,2,0,6,3,0.19887018046597735,4.6361878475868,4074.7583441373104,4074.7583441373104,34,1,150,17.176918600001954,COBYLA,4.6361878475868,best-feasible-in-distribution,1.0,0.0015733965551436898,0.0017879584247517085,0.9982120415752483,1.4137011833988622e-06,4.6361878475868,2946.611159424715,4073.5940640806707,2972.0571308685417,2592.574204215292,False,0.0,4074.758344137289,20.470220899995184,,,,,,,
3,xy,3,0,6,3,,4.6361878475868,2898.9962121904823,2898.9962121904823,63,1,150,33.9908437999984,COBYLA,4.6361878475868,best-feasible-in-distribution,1.0,0.0015992390152464874,1.0,0.0,0.0035853756421435944,4.6361878475868,2898.99621219048,2898.99621219048,2102.2699788579534,4480.042859995683,True,0.0,2898.996212190482,37.711238799995044,,,,,,,
3,soft,3,0,6,3,0.19887018046597735,4.6361878475868,4161.805153753279,4161.805153753279,69,1,150,38.208994300002814,COBYLA,4.6361878475868,best-feasible-in-distribution,1.0,0.001600585712149385,0.0035683319021792546,0.9964316680978208,3.796027178124376e-08,4.6361878475868,2896.557061827688,4160.623166860174,3024.0076238301526,13866.790357286882,False,0.0,4161.805153753254,71.69046879999951,,,,,,,
3,xy,1,1,6,3,,4.6361878475868,2596.3071274683325,2596.3071274683325,28,1,150,16.36197529999481,COBYLA,4.6361878475868,best-feasible-in-distribution,1.0,0.0017856854447368734,0.9999999999999992,7.771561172376096e-16,0.00767426042619296,4.6361878475868,2596.3071274683307,2596.3071274683307,1962.558190618158,3028.6702533949924,True,0.0,2596.307127468329,22.36825449999742,,,,,,,
3,soft,1,1,6,3,0.19887018046597735,4.6361878475868,4161.4970427878725,4161.4970427878725,26,1,150,5.63238189999538,COBYLA,4.6361878475868,best-feasible-in-distribution,1.0,0.0018579100475682327,0.002715826731664428,0.9972841732683355,2.4753249592528698e-05,4.6361878475868,2495.377994028817,4160.30272428225,2868.1947064316923,6264.892553929096,False,0.0,4161.497042787854,10.18293740000081,,,,,,,
3,xy,2,1,6,3,,4.6361878475868,2872.029975484067,2872.029975484067,36,1,150,14.26468069999828,COBYLA,4.6361878475868,best-feasible-in-distribution,1.0,0.0016142546864627953,0.9999999999999969,3.1086244689504383e-15,0.0004947316348982927,4.6361878475868,2872.029975484078,2872.0299754840785,2105.434168775368,7337.850761636284,True,0.0,2872.0299754840694,20.10745499999757,,,,,,,
3,soft,2,1,6,3,0.19887018046597735,4.6361878475868,4458.701500776695,4458.701500776695,36,1,150,15.292397000004712,COBYLA,4.6361878475868,best-feasible-in-distribution,1.0,0.0012115043969448615,0.0016645859462235285,0.9983354140537765,1.4158990342255855e-05,4.6361878475868,3826.802328805584,4457.231753693334,2791.9434163053334,2354.540138667886,False,0.0,4458.701500776677,21.214526800002204,,,,,,,
3,xy,3,1,6,3,,4.6361878475868,2989.2721729113628,2989.2721729113628,53,1,150,26.926931500005594,COBYLA,4.6361878475868,best-feasible-in-distribution,1.0,0.0015509420284976715,0.9999999999999986,1.4432899320127035e-15,0.011780575795596413,4.6361878475868,2989.2721729113687,2989.272172911369,2150.0031193035497,3279.150499293493,True,0.0,2989.2721729113646,35.765002000000095,,,,,,,
3,soft,3,1,6,3,0.19887018046597735,4.6361878475868,4068.265603554173,4068.265603554173,48,1,150,26.386203100002604,COBYLA,4.6361878475868,best-feasible-in-distribution,1.0,0.0015867000069513422,0.0032879853054876155,0.9967120146945124,5.76708008662312e-06,4.6361878475868,2921.905733456629,4067.0882501851875,2969.522028632697,3114.155941949085,False,0.0,4068.2656035541604,42.393794000003254,,,,,,,
3,xy,1,2,6,3,,4.6361878475868,2540.8538082399014,2540.8538082399014,30,1,150,6.739859500004968,COBYLA,4.6361878475868,best-feasible-in-distribution,1.0,0.0018246574566989319,1.0,0.0,0.00614393629263566,4.6361878475868,2540.853808239894,2540.853808239894,2022.8307867176418,1491.1164337460873,True,0.0,2540.8538082398973,10.443222800000513,,,,,,,
3,soft,1,2,6,3,0.19887018046597735,4.6361878475868,4145.374698439917,4145.374698439917,32,1,150,9.74125279999862,COBYLA,4.6361878475868,best-feasible-in-distribution,1.0,0.001825337829813104,0.002674741384699369,0.9973252586153006,1.3874165936917583e-05,4.6361878475868,2539.90673499683,4144.1805747893795,2890.6044955071493,1354.0900949440877,False,0.0,4145.374698439893,11.70928499999718,,,,,,,
3,xy,2,2,6,3,,4.6361878475868,2943.3187360195348,2943.3187360195348,46,1,150,17.474486199993407,COBYLA,4.6361878475868,best-feasible-in-distribution,1.0,0.0015751565709993835,0.9999999999999942,5.773159728050814e-15,0.018873494987211442,4.6361878475868,2943.318736019554,2943.318736019554,2271.269636578526,2918.042859995683,True,0.0,2943.318736019537,27.496531600001617,,,,,,,
3,soft,2,2,6,3,0.19887018046597735,4.6361878475868,3106.2690599543594,3106.2690599543594,47,1,150,14.802188400004525,COBYLA,4.6361878475868,best-feasible-in-distribution,1.0,0.0015698784547930667,0.0029790078386214107,0.9970209921613786,2.7396289839294118e-06,4.6361878475868,2953.214520163549,3105.12348941639,2362.1656362813806,432.7322370272866,False,0.0,3106.269059954343,25.18023909999465,,,,,,,
3,xy,3,2,6,3,,4.6361878475868,2902.5551242514684,2902.5551242514684,61,1,150,25.96637170000031,COBYLA,4.6361878475868,best-feasible-in-distribution,1.0,0.0015972781391300412,0.9999999999999928,7.216449660063518e-15,0.00140554729529986,4.6361878475868,2902.5551242514994,2902.5551242514994,2098.3098995662767,1740.6361878475868,True,0.0,2902.555124251478,37.44654010000522,,,,,,,
3,soft,3,2,6,3,0.19887018046597735,4.6361878475868,3973.3788178264876,3973.3788178264876,51,1,150,22.016936500003794,COBYLA,4.6361878475868,best-feasible-in-distribution,1.0,0.0017194040453919822,0.0033370593032385583,0.9966629406967614,1.2880220680607259e-05,4.6361878475868,2696.3923110520905,3972.2425153938743,2807.2019068068953,3469.225652326786,False,0.0,3973.378817826468,55.2099922999987,,,,,,,
4,xy,1,0,6,3,,20.234272518423243,3169.506772926109,3169.506772926109,27,1,150,13.656805799997528,COBYLA,20.234272518423243,best-feasible-in-distribution,1.0,0.006384044574778733,1.0,0.0,0.0015707329037622222,20.234272518423243,3169.506772926088,3169.5067729260877,2594.039698737411,2359.96594484434,True,0.0,3169.506772926098,20.849560100003146,20.234272518423243,0.0,20.234272518423243,3315.806878206028,0.0032,20.234272518423243,0.3544301000001724
4,soft,1,0,6,3,3.09965006385436,20.234272518423243,5411.357823122913,5411.357823122913,25,1,150,5.145161599997664,COBYLA,20.234272518423243,best-feasible-in-distribution,1.0,0.006359959356273949,0.002910871876074642,0.9970891281239254,1.3650996499354374e-05,20.234272518423243,3181.509721200123,5392.781535649789,3746.3266112974493,7613.015865849829,False,0.0,5411.357823122884,11.89055190000363,20.234272518423243,0.0,20.234272518423243,3315.806878206028,0.0032,20.234272518423243,0.30005030000029365
4,xy,2,0,6,3,,20.234272518423243,3193.266179742839,3193.266179742839,34,1,150,10.69071100000292,COBYLA,20.234272518423243,best-feasible-in-distribution,1.0,0.006336544271437069,1.0,0.0,0.0029622636252878603,20.234272518423243,3193.2661797428423,3193.266179742842,2594.1497510680597,187.4043199151292,True,0.0,3193.266179742849,20.877271299999848,,,,,,,
4,soft,2,0,6,3,3.09965006385436,20.234272518423243,3797.627859805814,3797.627859805814,42,1,150,15.154838499998732,COBYLA,20.234272518423243,best-feasible-in-distribution,1.0,0.00641328700391098,0.005659540964590126,0.9943404590354099,2.9370031140166136e-08,20.234272518423243,3155.0548893389437,3781.026937571237,2824.1329040858996,1386.6929319694484,False,0.0,3797.6278598057943,23.573041000003286,,,,,,,
4,xy,3,0,6,3,,20.234272518423243,3018.998227345501,3018.998227345501,52,1,150,27.02955739999743,COBYLA,20.234272518423243,best-feasible-in-distribution,1.0,0.006702313481056401,0.9999999999999972,2.7755575615628914e-15,0.012719239296688327,20.234272518423243,3018.998227345518,3018.998227345518,2370.809968807215,4344.2342725184235,True,0.0,3018.99822734551,38.54887819999567,,,,,,,
4,soft,3,0,6,3,3.09965006385436,20.234272518423243,4160.4404716312065,4160.4404716312065,51,1,150,31.102812999997695,COBYLA,20.234272518423243,best-feasible-in-distribution,1.0,0.007583771582498634,0.004769795312681317,0.9952302046873187,7.34287448336618e-06,20.234272518423243,2668.1015241965706,4144.218616358678,3174.0418850075107,4263.2467482306465,False,0.0,4160.440471631189,36.18736009999702,,,,,,,
4,xy,1,1,6,3,,20.234272518423243,3208.0805228613,3208.0805228613,25,1,150,7.469785900000716,COBYLA,20.234272518423243,best-feasible-in-distribution,1.0,0.006307283241249866,0.9999999999999958,4.218847493575595e-15,0.002151627358303818,20.234272518423243,3208.0805228613094,3208.080522861309,2567.173836143524,2050.8270958064904,True,0.0,3208.0805228612953,12.322345000000496,,,,,,,
4,soft,1,1,6,3,3.09965006385436,20.234272518423243,4108.3330735991085,4108.3330735991085,25,1,150,5.111266100000648,COBYLA,20.234272518423243,best-feasible-in-distribution,1.0,0.008540747335375753,0.003746416913692311,0.9962535830863077,1.3723976712899358e-05,20.234272518423243,2369.145430003876,4090.552139917053,3196.8677278510913,766.7100928824796,False,0.0,4108.333073599089,10.209929299999203,,,,,,,
4,xy,2,1,6,3,,20.234272518423243,2631.2673029611587,2631.2673029611587,38,1,150,11.928078700002516,COBYLA,20.234272518423243,best-feasible-in-distribution,1.0,0.007689934236499676,0.999999999999996,3.9968028886505635e-15,0.002904346762679124,20.234272518423243,2631.267302961167,2631.267302961168,2182.940154615877,187.4043199151292,True,0.0,2631.267302961157,21.969929500002763,,,,,,,
4,soft,2,1,6,3,3.09965006385436,20.234272518423243,4196.697664191053,4196.697664191053,48,1,150,15.035261000004539,COBYLA,20.234272518423243,best-feasible-in-distribution,1.0,0.006925776432004095,0.0009539939848539535,0.999046006015146,1.0382274192356142e-06,20.234272518423243,2921.5890401717893,4178.574278853082,3364.930785661666,1534.0985469477787,False,0.0,4196.697664191031,25.528387499995006,,,,,,,
4,xy,3,1,6,3,,20.234272518423243,3024.1012353280457,3024.1012353280457,55,1,150,23.212663899998006,COBYLA,20.234272518423243,best-feasible-in-distribution,1.0,0.006691003687986093,1.0,0.0,0.00975287909227347,20.234272518423243,3024.1012353280444,3024.1012353280444,2438.016651230682,3236.0127423826243,True,0.0,3024.1012353280503,31.55637829999614,,,,,,,
4,soft,3,1,6,3,3.09965006385436,20.234272518423243,4693.30995665603,4693.30995665603,55,1,150,26.76783489999798,COBYLA,20.234272518423243,best-feasible-in-distribution,1.0,0.007984597743645282,0.0038583944724910326,0.996141605527509,2.620164197266775e-06,20.234272518423243,2534.163043407808,4675.046363928021,3633.5642784719953,1416.4729635672525,False,0.0,4693.309956656012,57.303598599995894,,,,,,,
4,xy,1,2,6,3,,20.234272518423243,3239.981869051966,3239.981869051966,23,1,150,12.083485700000892,COBYLA,20.234272518423243,best-feasible-in-distribution,1.0,0.006245180786873963,1.0,0.0,0.000909478191363387,20.234272518423243,3239.981869051952,3239.981869051952,2614.3095121666247,2744.976858822961,True,0.0,3239.9818690519633,17.702911000000313,,,,,,,
4,soft,1,2,6,3,3.09965006385436,20.234272518423243,5260.807126066147,5260.807126066147,26,1,150,4.608039400001871,COBYLA,20.234272518423243,best-feasible-in-distribution,1.0,0.006480327515061316,0.003969155855507198,0.9960308441444928,3.6866748379230354e-06,20.234272518423243,3122.415105007511,5242.5663110188125,3660.661287643754,3602.2873169911177,False,0.0,5260.807126066121,11.912205100001302,,,,,,,
4,xy,2,2,6,3,,20.234272518423243,3121.2004495726537,3121.2004495726537,40,1,150,15.242049799999222,COBYLA,20.234272518423243,best-feasible-in-distribution,1.0,0.00648284941814414,1.0,0.0,0.003040667660201305,20.234272518423243,3121.200449572644,3121.2004495726446,2561.4132104738746,5198.543168952978,True,0.0,3121.200449572656,23.151692899999034,,,,,,,
4,soft,2,2,6,3,3.09965006385436,20.234272518423243,4474.413340230595,4474.413340230595,35,1,150,10.595688400004292,COBYLA,20.234272518423243,best-feasible-in-distribution,1.0,0.006973942228291944,0.003229972511755846,0.9967700274882442,6.998582228454658e-06,20.234272518423243,2901.4109747477814,4456.409664773526,3252.946737343714,817.2670326108823,False,0.0,4474.413340230577,20.83874569999898,,,,,,,
4,xy,3,2,6,3,,20.234272518423243,2981.3330992999463,2981.3330992999463,57,1,150,29.5015510000012,COBYLA,20.234272518423243,best-feasible-in-distribution,1.0,0.006786988184304019,1.0,0.0,0.004144389651243636,20.234272518423243,2981.3330992999504,2981.3330992999504,2514.431285799421,1457.3887207357009,True,0.0,2981.3330992999545,41.36151200000313,,,,,,,
4,soft,3,2,6,3,3.09965006385436,20.234272518423243,5086.9475604461895,5086.9475604461895,60,1,150,36.809838900000614,COBYLA,20.234272518423243,best-feasible-in-distribution,1.0,0.0058685353475008365,0.003888407506740765,0.9961115924932592,2.984771064024839e-06,20.234272518423243,3447.9254737794454,5068.25917376953,3564.5239021224447,1531.0299032956555,False,0.0,5086.947560446175,46.81191950000357,,,,,,,
5,xy,1,0,6,3,,2.086977570916049,3188.68154557926,3188.68154557926,25,1,150,5.217095799998788,COBYLA,2.086977570916049,best-feasible-in-distribution,1.0,0.0006544954524572711,0.9999999999999977,2.3314683517128287e-15,0.0013851708411067086,2.086977570916049,3188.681545579261,3188.681545579261,2638.2726283351617,6523.7929566637895,True,0.0,3188.681545579253,9.881936300000234,46.441806216500545,4.297857535437906,2.086977570916049,3326.3323869534547,0.0012,2.086977570916049,0.32626400000299327
5,soft,1,0,6,3,1e-06,2.086977570916049,4366.4269980656245,4366.4269980656245,26,1,150,4.706287900000461,COBYLA,2.086977570916049,best-feasible-in-distribution,1.0,0.0008331889610237112,0.0035783433910244605,0.9964216566089755,6.363889751240426e-06,2.086977570916049,2504.8070348313904,4366.426992617395,3344.4815959958532,5086.7422005525705,False,0.0,4366.426998065599,6.61645739999949,46.441806216500545,4.297857535437906,2.086977570916049,3326.3323869534547,0.0012,2.086977570916049,0.376816099997086
5,xy,2,0,6,3,,2.086977570916049,3012.8622625249873,3012.8622625249873,47,1,150,22.440692999996827,COBYLA,2.086977570916049,best-feasible-in-distribution,1.0,0.0006926893395939757,0.9999999999999963,3.6637359812630166e-15,0.005290702116470437,2.086977570916049,3012.8622625249936,3012.862262524994,2474.352983619509,5558.5275158642535,True,0.0,3012.862262524983,25.547796399994695,,,,,,,
5,soft,2,0,6,3,1e-06,2.086977570916049,5028.368549140788,5028.368549140788,39,1,150,18.28228520000266,COBYLA,2.086977570916049,best-feasible-in-distribution,1.0,0.0006299133272021989,0.004041124668122584,0.9959588753318774,2.698068318225964e-06,2.086977570916049,3313.118616152314,5028.368543735168,3427.2352619841704,2846.4751758095845,False,0.0,5028.3685491407705,21.41276949999883,,,,,,,
5,xy,3,0,6,3,,2.086977570916049,3075.0782339102443,3075.0782339102443,50,1,150,25.767427400001907,COBYLA,2.086977570916049,best-feasible-in-distribution,1.0,0.000678674626193907,1.0,0.0,0.0006956462245941711,2.086977570916049,3075.0782339102357,3075.078233910235,2625.344531060172,6231.967674172403,True,0.0,3075.0782339102407,32.985438700001396,,,,,,,
5,soft,3,0,6,3,1e-06,2.086977570916049,4656.877009292147,4656.877009292147,54,1,150,52.76207579999755,COBYLA,2.086977570916049,best-feasible-in-distribution,1.0,0.0008601126542804719,0.0033743740982284777,0.9966256259017715,1.8274721936915165e-05,2.086977570916049,2426.40026341888,4656.877003747184,3494.357446473599,2120.8983669147324,False,0.0,4656.87700929212,61.58267429999978,,,,,,,
5,xy,1,1,6,3,,2.086977570916049,3070.6285653332293,3070.6285653332293,24,1,150,12.849780500000634,COBYLA,2.086977570916049,best-feasible-in-distribution,1.0,0.0006796580981749507,1.0,0.0,0.0003304323732356858,2.086977570916049,3070.6285653332134,3070.6285653332134,2515.4452974861892,3260.1855084089825,True,0.0,3070.6285653332216,17.362469400002738,,,,,,,
5,soft,1,1,6,3,1e-06,2.086977570916049,4839.437338644104,4839.437338644104,22,1,150,11.564222400003928,COBYLA,2.086977570916049,best-feasible-in-distribution,1.0,0.0007882301418649718,0.003071144008496596,0.9969288559915034,4.5971595602692314e-07,2.086977570916049,2647.675418727593,4839.43733281925,3772.44688136006,1668.9967387582274,False,0.0,4839.437338644082,15.128285300001153,,,,,,,
5,xy,2,1,6,3,,2.086977570916049,3181.2266678203478,3181.2266678203478,39,1,150,18.622365600000194,COBYLA,2.086977570916049,best-feasible-in-distribution,1.0,0.0006560291952870978,0.9999999999999989,1.1102230246251565e-15,0.002893456381952988,2.086977570916049,3181.226667820364,3181.226667820363,2729.188062644984,2893.0201052233356,True,0.0,3181.22666782036,26.62323450000258,,,,,,,
5,soft,2,1,6,3,1e-06,2.086977570916049,4577.769754800413,4577.769754800413,37,1,150,16.416680900001666,COBYLA,2.086977570916049,best-feasible-in-distribution,1.0,0.0006190914438165818,0.00336135908681997,0.99663864091318,1.7176469129171417e-07,2.086977570916049,3371.0328122938135,4577.769749167777,3211.22528527342,1811.970443735477,False,0.0,4577.769754800393,22.03441179999936,,,,,,,
5,xy,3,1,6,3,,2.086977570916049,3065.0326931386753,3065.0326931386753,51,1,150,39.50864620000357,COBYLA,2.086977570916049,best-feasible-in-distribution,1.0,0.0006808989592795919,0.9999999999999974,2.55351295663786e-15,0.0022628264832288275,2.086977570916049,3065.0326931386758,3065.0326931386758,2726.422986379279,5122.956762409203,True,0.0,3065.0326931386676,57.98105279999436,,,,,,,
5,soft,3,1,6,3,1e-06,2.086977570916049,4378.379414002466,4378.379414002466,52,1,150,31.847333300000173,COBYLA,2.086977570916049,best-feasible-in-distribution,1.0,0.0006542012106666033,0.005032252561493549,0.9949677474385065,4.699036231012159e-06,2.086977570916049,3190.115727223292,4378.379409056107,3224.7029768418424,2484.44408213202,False,0.0,4378.379414002447,44.54460739999922,,,,,,,
5,xy,1,2,6,3,,2.086977570916049,2998.4144710654377,2998.4144710654377,28,1,150,8.096488299997873,COBYLA,2.086977570916049,best-feasible-in-distribution,1.0,0.0006960270473129371,1.0,0.0,0.0016261246777236158,2.086977570916049,2998.414471065424,2998.414471065424,2592.9728939150687,422.3640932710856,True,0.0,2998.4144710654323,17.719927600002848,,,,,,,
5,soft,1,2,6,3,1e-06,2.086977570916049,4316.721322908704,4316.721322908704,26,1,150,17.85590940000111,COBYLA,2.086977570916049,best-feasible-in-distribution,1.0,0.0011326805289157951,0.002473457264686279,0.9975265427353137,2.9558113988736216e-05,2.086977570916049,1842.512092013897,4316.721317055024,3060.6358018554333,4563.186592702616,False,0.0,4316.721322908676,20.514231699999073,,,,,,,
5,xy,2,2,6,3,,2.086977570916049,3137.886229418224,3137.886229418224,35,1,150,23.758506800004398,COBYLA,2.086977570916049,best-feasible-in-distribution,1.0,0.000665090260873789,0.9999999999999973,2.6645352591003757e-15,4.0315147079580566e-05,2.086977570916049,3137.886229418243,3137.886229418243,2541.948523663675,5004.638010923732,True,0.0,3137.8862294182345,27.210656199997175,,,,,,,
5,soft,2,2,6,3,1e-06,2.086977570916049,4843.225583283379,4843.225583283379,45,1,150,25.36786310000025,COBYLA,2.086977570916049,best-feasible-in-distribution,1.0,0.0007746159089561333,0.0038112520042841392,0.9961887479957159,2.1477457785720865e-06,2.086977570916049,2694.2095389293577,4843.225577840211,3825.9584179173503,536.1058148710885,False,0.0,4843.225583283356,37.60721270000067,,,,,,,
5,xy,3,2,6,3,,2.086977570916049,3014.584374509898,3014.584374509898,49,1,150,25.48511480000161,COBYLA,2.086977570916049,best-feasible-in-distribution,1.0,0.0006922936337634794,1.0,0.0,0.002856110211603662,2.086977570916049,3014.584374509878,3014.584374509878,2584.1095354298664,5761.542369313365,True,0.0,3014.584374509889,30.09758460000012,,,,,,,
5,soft,3,2,6,3,1e-06,2.086977570916049,4705.914477497225,4705.914477497225,52,1,150,24.16469949999737,COBYLA,2.086977570916049,best-feasible-in-distribution,1.0,0.000622849649159954,0.003398758578322209,0.9966012414216778,5.435772197723268e-06,2.086977570916049,3350.6923761308767,4705.914471651117,3512.8420740459323,3652.580622223413,False,0.0,4705.9144774972065,29.53488870000001,,,,,,,
6,xy,1,0,6,3,,14.593350824942934,2682.260918850579,2682.260918850579,25,1,150,10.45743859999493,COBYLA,14.593350824942934,best-feasible-in-distribution,1.0,0.005440690248432844,0.9999999999999971,2.886579864025407e-15,0.0027788258869640473,14.593350824942934,2682.2609188505917,2682.260918850591,2198.253570568043,4288.2735218307935,True,0.0,2682.260918850584,18.357190000002447,27.465201519298027,0.0,14.593350824942934,2890.0598484406637,0.0034,14.593350824942934,0.5777105999950436
6,soft,1,0,6,3,1.8810107759648438,14.593350824942934,4403.265257672285,4403.265257672285,29,1,150,10.853844000004756,COBYLA,14.593350824942934,best-feasible-in-distribution,1.0,0.00514812047522685,0.0034396993959003317,0.9965603006040996,7.663975506567195e-06,14.593350824942934,2834.6948940234124,4392.418620081508,3103.860971907603,818.8627909287748,False,0.0,4403.265257672264,16.639360200002557,27.465201519298027,0.0,14.593350824942934,2890.0598484406637,0.0034,14.593350824942934,0.4098128999976325
6,xy,2,0,6,3,,14.593350824942934,2643.9088742576723,2643.9088742576723,42,1,150,21.791710700003023,COBYLA,14.593350824942934,best-feasible-in-distribution,1.0,0.005519611877334548,0.9999999999999971,2.886579864025407e-15,0.0012095809118087848,14.593350824942934,2643.9088742576855,2643.9088742576846,2216.7075699451093,380.51667894954085,True,0.0,2643.908874257678,28.786177599999064,,,,,,,
6,soft,2,0,6,3,1.8810107759648438,14.593350824942934,4235.005881608802,4235.005881608802,37,1,150,15.216476199995668,COBYLA,14.593350824942934,best-feasible-in-distribution,1.0,0.005782129558851664,0.002729309822016648,0.9972706901779833,3.274218516559774e-06,14.593350824942934,2523.87129627742,4223.894468804984,3086.7752462826284,2221.350193706195,False,0.0,4235.0058816087785,31.0650880999965,,,,,,,
6,xy,3,0,6,3,,14.593350824942934,2656.774794224437,2656.774794224437,54,1,150,49.56139849999454,COBYLA,14.593350824942934,best-feasible-in-distribution,1.0,0.005492882142915322,0.9999999999999996,4.440892098500626e-16,0.0014012205871943482,14.593350824942934,2656.774794224436,2656.774794224436,2093.092408710437,2077.119089540064,True,0.0,2656.7747942244346,55.286284100002376,,,,,,,
6,soft,3,0,6,3,1.8810107759648438,14.593350824942934,4536.46246340582,4536.46246340582,56,1,150,33.84391410000535,COBYLA,14.593350824942934,best-feasible-in-distribution,1.0,0.005216490232396514,0.003541301409463599,0.9964586985905364,9.961224869451512e-06,14.593350824942934,2797.5420588947572,4525.378357481484,3219.29144545713,520.1705669703072,False,0.0,4536.462463405793,61.58835790000012,,,,,,,
6,xy,1,1,6,3,,14.593350824942934,2813.0174235461927,2813.0174235461927,28,1,150,6.753816299999016,COBYLA,14.593350824942934,best-feasible-in-distribution,1.0,0.005187792547173781,1.0,0.0,0.0018662075531742075,14.593350824942934,2813.0174235461936,2813.0174235461936,2179.8698487322295,3527.4389185342143,True,0.0,2813.0174235461936,15.309822399998666,,,,,,,
6,soft,1,1,6,3,1.8810107759648438,14.593350824942934,4293.738340785997,4293.738340785997,26,1,150,5.356324000000313,COBYLA,14.593350824942934,best-feasible-in-distribution,1.0,0.005650811430772836,0.0016481021159222807,0.9983518978840777,6.910708551346995e-07,14.593350824942934,2582.5230595152007,4282.178991873975,3146.4362790212185,1644.2724332908685,False,0.0,4293.738340785976,11.343216699999175,,,,,,,
6,xy,2,1,6,3,,14.593350824942934,2641.441041724398,2641.441041724398,39,1,150,15.801672699999472,COBYLA,14.593350824942934,best-feasible-in-distribution,1.0,0.0055247687131475855,0.9999999999999987,1.3322676295501878e-15,0.0025458455465074714,14.593350824942934,2641.4410417244007,2641.4410417244007,2087.0762690304314,2303.9777987418775,True,0.0,2641.441041724397,26.39445960000012,,,,,,,
6,soft,2,1,6,3,1.8810107759648438,14.593350824942934,4559.36716492375,4559.36716492375,42,1,150,22.97874870000669,COBYLA,14.593350824942934,best-feasible-in-distribution,1.0,0.0070905092786073915,0.0016510384627116438,0.9983489615372884,4.0661292281592935e-06,14.593350824942934,2058.152701241389,4548.097435577033,3230.278246901926,7268.213646252164,False,0.0,4559.367164923726,30.290797499998007,,,,,,,
6,xy,3,1,6,3,,14.593350824942934,2726.3280348348835,2726.3280348348835,49,1,150,23.078677799996512,COBYLA,14.593350824942934,best-feasible-in-distribution,1.0,0.005352749426510839,0.9999999999999962,3.774758283725532e-15,0.0005592947203949302,14.593350824942934,2726.3280348349,2726.3280348349003,2238.0796461248938,380.51667894954085,True,0.0,2726.3280348348894,28.064750199999253,,,,,,,
6,soft,3,1,6,3,1.8810107759648438,14.593350824942934,4409.881086061401,4409.881086061401,50,1,150,23.580293099999835,COBYLA,14.593350824942934,best-feasible-in-distribution,1.0,0.005272432749318547,0.003764707441092055,0.996235292558908,6.083552991568008e-07,14.593350824942934,2767.85907356127,4399.2087473177335,3050.878741649793,3080.47834301184,False,0.0,4409.881086061376,42.24862469999789,,,,,,,
6,xy,1,2,6,3,,14.593350824942934,2587.1413913064134,2587.1413913064134,27,1,150,12.388270499999635,COBYLA,14.593350824942934,best-feasible-in-distribution,1.0,0.00564072411116804,0.9999999999999982,1.7763568394002505e-15,0.0016952095963291545,14.593350824942934,2587.141391306417,2587.141391306417,2047.0158438560359,395.8113134985317,True,0.0,2587.1413913064125,19.600956499998574,,,,,,,
6,soft,1,2,6,3,1.8810107759648438,14.593350824942934,4096.182638572712,4096.182638572712,27,1,150,9.945957900003123,COBYLA,14.593350824942934,best-feasible-in-distribution,1.0,0.004325985531201676,0.004045178453658741,0.9959548215463413,1.9000086828824832e-05,14.593350824942934,3373.416466533854,4085.732238232566,2818.485504355021,5713.200504759622,False,0.0,4096.182638572696,15.805401699995855,,,,,,,
6,xy,2,2,6,3,,14.593350824942934,2584.4255145523075,2584.4255145523075,36,1,150,13.669255999993766,COBYLA,14.593350824942934,best-feasible-in-distribution,1.0,0.005646651738566669,0.9999999999999958,4.218847493575595e-15,0.0012452640169501612,14.593350824942934,2584.4255145523234,2584.425514552324,2009.5571749531096,1404.4903959644573,True,0.0,2584.425514552313,22.941290899994783,,,,,,,
6,soft,2,2,6,3,1.8810107759648438,14.593350824942934,4161.1121295601115,4161.1121295601115,40,1,150,15.735926299996208,COBYLA,14.593350824942934,best-feasible-in-distribution,1.0,0.005243305235862718,0.0036936241982575245,0.9963063758017425,2.6963602098452844e-06,14.593350824942934,2783.2350337204402,4150.504485174555,3099.6871309337853,2610.559758231397,False,0.0,4161.112129560088,29.042666900000768,,,,,,,
6,xy,3,2,6,3,,14.593350824942934,2669.3383560776047,2669.3383560776047,51,1,150,31.394137499999488,COBYLA,14.593350824942934,best-feasible-in-distribution,1.0,0.005467029232812104,0.9999999999999933,6.661338147750939e-15,0.003067272501123442,14.593350824942934,2669.3383560776165,2669.338356077617,2087.478129220619,458.9526042967184,True,0.0,2669.338356077599,56.879925499997626,,,,,,,
6,soft,3,2,6,3,1.8810107759648438,14.593350824942934,4401.961993221734,4401.961993221734,67,1,150,41.27721329999622,COBYLA,14.593350824942934,best-feasible-in-distribution,1.0,0.004908050119825554,0.0022431391108775622,0.9977568608891224,2.6729428394972e-07,14.593350824942934,2973.35000023627,4390.617415107217,3191.835955611222,952.076010258208,False,0.0,4401.961993221718,67.82330160000129,,,,,,,
7,xy,1,0,6,3,,0.43308138796519685,3527.494046702098,3527.494046702098,27,1,150,6.432356900004379,COBYLA,0.43308138796519685,best-feasible-in-distribution,1.0,0.0001227731024436711,0.9999999999999988,1.2212453270876722e-15,0.0015204883904878016,0.43308138796519685,3527.4940467021,3527.4940467021006,2824.7658130418313,9645.480255247952,True,0.0,3527.494046702096,13.923200000004726,11.938376524730666,1.0,0.43308138796519685,3584.56222554796,0.0013,0.43308138796519685,0.818896600001608
7,soft,1,0,6,3,0.019696694668942548,0.43308138796519685,4628.38703150876,4628.38703150876,25,1,150,5.1921389999988605,COBYLA,0.43308138796519685,best-feasible-in-distribution,1.0,0.0001266019179328778,0.003262322941605447,0.9967376770583946,1.778205485122501e-07,0.43308138796519685,3420.8122201972433,4628.277720361776,3543.227920736832,3810.918634952395,False,0.0,4628.387031508736,11.937806599999021,11.938376524730666,1.0,0.43308138796519685,3584.56222554796,0.0013,0.43308138796519685,0.3732129999989411
7,xy,2,0,6,3,,0.43308138796519685,3435.9262678622463,3435.9262678622463,37,1,150,14.727849199996854,COBYLA,0.43308138796519685,best-feasible-in-distribution,1.0,0.00012604501790856165,0.9999999999999953,4.6629367034256575e-15,0.0009828623206349651,0.43308138796519685,3435.9262678622667,3435.9262678622667,2709.4474545627936,2646.630398945902,True,0.0,3435.926267862251,24.777926900002058,,,,,,,
7,soft,2,0,6,3,0.019696694668942548,0.43308138796519685,4765.322803779276,4765.322803779276,48,1,150,26.027320399996825,COBYLA,0.43308138796519685,best-feasible-in-distribution,1.0,0.0001346952186814662,0.0030869712195250526,0.9969130287804749,2.0562791603142373e-06,0.43308138796519685,3215.2691996392896,4765.21288610166,3393.087633541192,1728.4220227466974,False,0.0,4765.322803779251,33.84913699999743,,,,,,,
7,xy,3,0,6,3,,0.43308138796519685,3325.422527944418,3325.422527944418,59,1,150,28.44750059999933,COBYLA,0.43308138796519685,best-feasible-in-distribution,1.0,0.00013023349193249834,1.0,0.0,0.000637356103528368,0.43308138796519685,3325.422527944412,3325.422527944413,2638.0677279245315,783.4456960958939,True,0.0,3325.42252794442,32.95191980000527,,,,,,,
7,soft,3,0,6,3,0.019696694668942548,0.43308138796519685,4908.995501747868,4908.995501747868,55,1,150,40.85674609999842,COBYLA,0.43308138796519685,best-feasible-in-distribution,1.0,0.00015423300898671798,0.0031119220420705632,0.9968880779579294,1.881178898562308e-06,0.43308138796519685,2807.9682216567035,4908.8833229671045,3594.1741003557986,918.9365585340619,False,0.0,4908.995501747839,54.235901100000774,,,,,,,
7,xy,1,1,6,3,,0.43308138796519685,3023.8350829763094,3023.8350829763094,24,1,150,13.483512499995413,COBYLA,0.43308138796519685,best-feasible-in-distribution,1.0,0.0001432225554903355,1.0,0.0,3.906442035001909e-06,0.43308138796519685,3023.835082976303,3023.8350829763035,2617.108442696941,312.1548224551922,True,0.0,3023.8350829763112,17.056295800000953,,,,,,,
7,soft,1,1,6,3,0.019696694668942548,0.43308138796519685,5350.424329094946,5350.424329094946,23,1,150,10.007552600000054,COBYLA,0.43308138796519685,best-feasible-in-distribution,1.0,0.00015699917314480378,0.001106835732036761,0.9988931642679633,5.567148830870102e-08,0.43308138796519685,2758.494705992855,5350.2918277278495,3731.339255990986,3039.024861223368,False,0.0,5350.424329094924,12.426684500002011,,,,,,,
7,xy,2,1,6,3,,0.43308138796519685,3291.315269848724,3291.315269848724,34,1,150,17.270276700000977,COBYLA,0.43308138796519685,best-feasible-in-distribution,1.0,0.0001315830762043957,0.9999999999999989,1.1102230246251565e-15,0.00041159659494516135,0.43308138796519685,3291.315269848732,3291.3152698487315,2671.7918177499428,2403.0813930920813,True,0.0,3291.315269848728,25.570940799996606,,,,,,,
7,soft,2,1,6,3,0.019696694668942548,0.43308138796519685,4310.330037680918,4310.330037680918,39,1,150,14.32172349999746,COBYLA,0.43308138796519685,best-feasible-in-distribution,1.0,0.00013168878106702822,0.003642348054601182,0.9963576519453988,1.7714860443430188e-06,0.43308138796519685,3288.6733741180497,4310.220857013792,2991.962963355903,4890.059303549685,False,0.0,4310.330037680895,31.64129719999619,,,,,,,
7,xy,3,1,6,3,,0.43308138796519685,3205.010828115822,3205.010828115822,49,1,150,26.225393000000622,COBYLA,0.43308138796519685,best-feasible-in-distribution,1.0,0.00013512634159173733,0.9999999999999977,2.3314683517128287e-15,0.003465843607379396,0.43308138796519685,3205.010828115832,3205.0108281158327,2611.4837189618734,506.5826393600511,True,0.0,3205.0108281158255,49.808912799999234,,,,,,,
7,soft,3,1,6,3,0.019696694668942548,0.43308138796519685,4550.959866862276,4550.959866862276,53,1,150,25.201501900002768,COBYLA,0.43308138796519685,best-feasible-in-distribution,1.0,0.00021711991596390552,0.0031915932423052093,0.9968084067576948,1.0960938354608352e-05,0.43308138796519685,1994.6644970017087,4550.8483040802475,3618.734897863579,765.8077404814405,False,0.0,4550.959866862249,38.157410699997854,,,,,,,
7,xy,1,2,6,3,,0.43308138796519685,3444.0398930712563,3444.0398930712563,27,1,150,17.78912390000187,COBYLA,0.43308138796519685,best-feasible-in-distribution,1.0,0.00012574807534502516,1.0,0.0,0.0008500524795473002,0.43308138796519685,3444.039893071257,3444.0398930712568,2809.2357487127506,3165.3381202019896,True,0.0,3444.039893071258,29.811764199999743,,,,,,,
7,soft,1,2,6,3,0.019696694668942548,0.43308138796519685,5234.5456997352585,5234.5456997352585,26,1,150,5.624237899995933,COBYLA,0.43308138796519685,best-feasible-in-distribution,1.0,0.00013704701103863797,0.002920292275689204,0.9970797077243108,2.961567900187766e-09,0.43308138796519685,3160.0936400072032,5234.432710237584,3872.037366288405,2969.86318465123,False,0.0,5234.545699735229,14.626085700001568,,,,,,,
7,xy,2,2,6,3,,0.43308138796519685,3391.9623084255195,3391.9623084255195,36,1,150,17.710864699998638,COBYLA,0.43308138796519685,best-feasible-in-distribution,1.0,0.00012767871473377997,0.9999999999999977,2.3314683517128287e-15,0.0019641012577091273,0.43308138796519685,3391.9623084255286,3391.962308425528,2717.723607298477,6034.546083513736,True,0.0,3391.9623084255204,22.109059700000216,,,,,,,
7,soft,2,2,6,3,0.019696694668942548,0.43308138796519685,5103.225498187943,5103.225498187943,36,1,150,21.307413900001848,COBYLA,0.43308138796519685,best-feasible-in-distribution,1.0,0.00017785458901094467,0.0024362534632611198,0.9975637465367388,2.460019738843876e-06,0.43308138796519685,2435.0307201718942,5103.108928445644,4015.902501457737,2832.71268994367,False,0.0,5103.22549818792,33.524646799996844,,,,,,,
7,xy,3,2,6,3,,0.43308138796519685,3265.7893654708823,3265.7893654708823,61,1,150,31.834397400001762,COBYLA,0.43308138796519685,best-feasible-in-distribution,1.0,0.00013261154946003382,0.999999999999992,7.993605777301127e-15,0.0027797407660837673,0.43308138796519685,3265.789365470901,3265.789365470901,2758.226561551097,347.05548886475776,True,0.0,3265.789365470875,36.637248699997144,,,,,,,
7,soft,3,2,6,3,0.019696694668942548,0.43308138796519685,4631.548937048527,4631.548937048527,54,1,150,25.11727360000077,COBYLA,0.43308138796519685,best-feasible-in-distribution,1.0,0.000143217600529933,0.0032574492955250597,0.9967425507044749,4.180122551484484e-05,0.43308138796519685,3023.939699888222,4631.437922075813,3394.2066249017416,2116.7772576721245,False,0.0,4631.5489370484975,43.375666699997964,,,,,,,
8,xy,1,0,6,3,,1.0553208099407543,3252.8214782760924,3252.8214782760924,28,1,150,7.707914100006747,COBYLA,1.0553208099407543,best-feasible-in-distribution,1.0,0.00032443244026414945,0.9999999999999968,3.219646771412954e-15,0.0002712705264013542,1.0553208099407543,3252.821478276104,3252.8214782761033,2727.337928964985,2504.7903828538056,True,0.0,3252.8214782760933,19.24079509999865,13.7006033633283,2.0,1.0553208099407543,3407.5871321836053,0.0012,1.0553208099407543,0.9412459000013769
8,soft,1,0,6,3,0.002916871349886364,1.0553208099407543,4766.961984918755,4766.961984918755,29,1,150,6.646627799993439,COBYLA,1.0553208099407543,best-feasible-in-distribution,1.0,0.00042482271875449645,0.002544862033897906,0.9974551379661021,1.290474438670949e-06,1.0553208099407543,2484.1440049034204,4766.9451446828025,3705.2917396231824,2338.775580907074,False,0.0,4766.96198491873,11.258457900003123,13.7006033633283,2.0,1.0553208099407543,3407.5871321836053,0.0012,1.0553208099407543,0.40665359999547945
8,xy,2,0,6,3,,1.0553208099407543,3278.376026411841,3278.376026411841,43,1,150,18.946605299999646,COBYLA,1.0553208099407543,best-feasible-in-distribution,1.0,0.00032190352828311475,0.9999999999999942,5.773159728050814e-15,0.002433648973497183,1.0553208099407543,3278.3760264118564,3278.3760264118564,2670.4024712886003,1378.495538190972,True,0.0,3278.3760264118373,23.849909900003695,,,,,,,
8,soft,2,0,6,3,0.002916871349886364,1.0553208099407543,4524.587000448748,4524.587000448748,37,1,150,11.44228860000294,COBYLA,1.0553208099407543,best-feasible-in-distribution,1.0,0.00042960955642727395,0.002663069140746919,0.9973369308592531,2.6216166011277427e-06,1.0553208099407543,2456.4649322911496,4524.570670615093,3398.286668113894,2201.8559046640125,False,0.0,4524.587000448725,14.92860970000038,,,,,,,
8,xy,3,0,6,3,,1.0553208099407543,3198.9764228072163,3198.9764228072163,47,1,150,17.72273320000386,COBYLA,1.0553208099407543,best-feasible-in-distribution,1.0,0.0003298932753667102,1.0,0.0,0.0002643812533536417,1.0553208099407543,3198.9764228072154,3198.976422807216,2520.416224665709,6894.744718208573,True,0.0,3198.9764228072167,22.15216550000332,,,,,,,
8,soft,3,0,6,3,0.002916871349886364,1.0553208099407543,4304.652753242544,4304.652753242544,56,1,150,22.588794200004486,COBYLA,1.0553208099407543,best-feasible-in-distribution,1.0,0.00035238516284349106,0.002502511369740165,0.9974974886302599,2.5779198070650143e-06,1.0553208099407543,2994.793541887762,4304.635909527471,3229.933367952475,3034.3818049426977,False,0.0,4304.652753242511,27.70169149999856,,,,,,,
8,xy,1,1,6,3,,1.0553208099407543,3222.8522360402676,3222.8522360402676,28,1,150,4.302337200002512,COBYLA,1.0553208099407543,best-feasible-in-distribution,1.0,0.00032744933141500975,1.0,0.0,0.0012707474991595243,1.0553208099407543,3222.852236040266,3222.852236040266,2753.235978436345,3.4059287362070463,True,0.0,3222.8522360402717,9.74590850000095,,,,,,,
8,soft,1,1,6,3,0.002916871349886364,1.0553208099407543,5024.409863522409,5024.409863522409,30,1,150,7.393616299996211,COBYLA,1.0553208099407543,best-feasible-in-distribution,1.0,0.0003214265784659448,0.002821360776547042,0.997178639223453,3.0423534038163303e-09,1.0553208099407543,3283.2406547629844,5024.393136027533,3577.8917704934206,2040.5833905518452,False,0.0,5024.409863522383,13.194101000000956,,,,,,,
8,xy,2,1,6,3,,1.0553208099407543,3153.893987859739,3153.893987859739,37,1,150,14.102792799996678,COBYLA,1.0553208099407543,best-feasible-in-distribution,1.0,0.0003346088403741502,0.9999999999999959,4.107825191113079e-15,0.002620364297073638,1.0553208099407543,3153.8939878597475,3153.893987859748,2642.1259185261624,3984.8178393962407,True,0.0,3153.893987859735,22.727043799997773,,,,,,,
8,soft,2,1,6,3,0.002916871349886364,1.0553208099407543,4795.854939355394,4795.854939355394,32,1,150,8.051092299996526,COBYLA,1.0553208099407543,best-feasible-in-distribution,1.0,0.0004009671092457078,0.0024209598749903253,0.9975790401250096,6.75202551986602e-07,1.0553208099407543,2631.938594479744,4795.837789211904,3187.211492239465,5450.41334778405,False,0.0,4795.854939355369,13.298443300001964,,,,,,,
8,xy,3,1,6,3,,1.0553208099407543,3037.670132918316,3037.670132918316,60,1,150,21.31189340000128,COBYLA,1.0553208099407543,best-feasible-in-distribution,1.0,0.00034741126052646704,0.9999999999999984,1.5543122344752192e-15,0.000562485252869111,1.0553208099407543,3037.67013291832,3037.67013291832,2533.641148528352,2011.5952462639361,True,0.0,3037.670132918315,25.724731199996313,,,,,,,
8,soft,3,1,6,3,0.002916871349886364,1.0553208099407543,4621.175051251832,4621.175051251832,51,1,150,26.44481839999935,COBYLA,1.0553208099407543,best-feasible-in-distribution,1.0,0.0004116535196364533,0.0031024353089772567,0.9968975646910228,1.5631591241865573e-07,1.0553208099407543,2563.614203694281,4621.159124658088,3523.1952945478765,1200.1890812589015,False,0.0,4621.175051251808,37.84043709999969,,,,,,,
8,xy,1,2,6,3,,1.0553208099407543,3200.4577905243104,3200.4577905243104,26,1,150,5.887724799998978,COBYLA,1.0553208099407543,best-feasible-in-distribution,1.0,0.0003297405805710901,1.0,0.0,0.0007325890839188805,1.0553208099407543,3200.45779052431,3200.4577905243104,2678.629589693259,1702.75556663391,True,0.0,3200.4577905243127,8.43488719999732,,,,,,,
8,soft,1,2,6,3,0.002916871349886364,1.0553208099407543,5048.801517389327,5048.801517389327,25,1,150,13.078078099999402,COBYLA,1.0553208099407543,best-feasible-in-distribution,1.0,0.00034903860603866107,0.0031760620109855054,0.9968239379890145,2.2645310794787852e-06,1.0553208099407543,3023.507404862436,5048.784902974737,3624.6663619076444,2673.9592855573264,False,0.0,5048.801517389294,15.514718899998115,,,,,,,
8,xy,2,2,6,3,,1.0553208099407543,3272.6585459057655,3272.6585459057655,40,1,150,12.815756500000134,COBYLA,1.0553208099407543,best-feasible-in-distribution,1.0,0.00032246590811039696,0.9999999999999982,1.7763568394002505e-15,0.003506844621027178,1.0553208099407543,3272.6585459057665,3272.658545905767,2541.8456605491388,1663.208452647405,True,0.0,3272.6585459057605,16.060960499999055,,,,,,,
8,soft,2,2,6,3,0.002916871349886364,1.0553208099407543,4804.666891422236,4804.666891422236,41,1,150,12.08164659999602,COBYLA,1.0553208099407543,best-feasible-in-distribution,1.0,0.0003554570177110292,0.0027689928370400177,0.99723100716296,1.0918200584429502e-06,1.0553208099407543,2968.912575524626,4804.6503604336285,3402.3211507792157,4798.778150921339,False,0.0,4804.666891422219,18.81994880000275,,,,,,,
8,xy,3,2,6,3,,1.0553208099407543,3155.140229980051,3155.140229980051,59,1,150,19.70016339999711,COBYLA,1.0553208099407543,best-feasible-in-distribution,1.0,0.00033447667394086975,1.0,0.0,0.004689738438978778,1.0553208099407543,3155.140229980039,3155.140229980039,2656.199318843765,2592.7029428622604,True,0.0,3155.1402299800434,29.411283400004322,,,,,,,
8,soft,3,2,6,3,0.002916871349886364,1.0553208099407543,4851.427502671717,4851.427502671717,64,1,150,25.669297799999185,COBYLA,1.0553208099407543,best-feasible-in-distribution,1.0,0.00033295264073378837,0.0030128956160925305,0.9969871043839075,2.641579340771574e-06,1.0553208099407543,3169.582339443086,4851.4111692777415,3526.9147184417297,1152.2867397186465,False,0.0,4851.427502671695,35.20660399999906,,,,,,,
9,xy,1,0,6,3,,0.6424714192424432,2128.1031854542694,2128.1031854542694,25,1,150,4.649474300000293,COBYLA,0.6424714192424432,best-feasible-in-distribution,1.0,0.00030189862203758706,1.0,0.0,0.0004752227054407396,0.6424714192424432,2128.1031854542684,2128.103185454268,1745.9844975319,849.8315823028626,True,0.0,2128.10318545427,6.748782000002393,19.71185623489949,1.0987927280203635,0.6424714192424432,2142.3361783608143,0.0015,0.6424714192424432,0.3251094999941415
9,soft,1,0,6,3,1e-06,0.6424714192424432,3403.9858853672445,3403.9858853672445,26,1,150,7.837671900000714,COBYLA,0.6424714192424432,best-feasible-in-distribution,1.0,0.00034526141551024836,0.002978964364103359,0.9970210356358966,3.1185087105787297e-06,0.6424714192424432,1860.826001344401,3403.9858795222776,2541.916120889509,1242.5352835456831,False,0.0,3403.9858853672267,14.371865100001742,19.71185623489949,1.0987927280203635,0.6424714192424432,2142.3361783608143,0.0015,0.6424714192424432,0.39926030000060564
9,xy,2,0,6,3,,0.6424714192424432,1952.6203495508619,1952.6203495508619,46,1,150,14.103304800002661,COBYLA,0.6424714192424432,best-feasible-in-distribution,1.0,0.0003290303818610835,1.0,0.0,0.003006636927764298,0.6424714192424432,1952.6203495508641,1952.6203495508641,1654.2596064472757,4.330475225045876,True,0.0,1952.620349550867,17.09242180000001,,,,,,,
9,soft,2,0,6,3,1e-06,0.6424714192424432,2984.7297766762654,2984.7297766762654,48,1,150,11.593611699994653,COBYLA,0.6424714192424432,best-feasible-in-distribution,1.0,0.000295356660630216,0.0035630378918010573,0.996436962108199,3.581124117497624e-06,0.6424714192424432,2175.239311927392,2984.7297710959942,2167.8557455838695,289.7866144488032,False,0.0,2984.729776676252,15.03278880000289,,,,,,,
9,xy,3,0,6,3,,0.6424714192424432,2008.179514047084,2008.179514047084,48,1,150,19.502549299999373,COBYLA,0.6424714192424432,best-feasible-in-distribution,1.0,0.0003199272847613487,1.0,0.0,0.0009827023693018964,0.6424714192424432,2008.1795140470683,2008.1795140470683,1622.1524175776904,582.8049511856314,True,0.0,2008.179514047079,29.811708900000667,,,,,,,
9,soft,3,0,6,3,1e-06,0.6424714192424432,2873.425063455235,2873.425063455235,59,1,150,24.98063159999583,COBYLA,0.6424714192424432,best-feasible-in-distribution,1.0,0.0004019202696541966,0.002636673575579688,0.9973633264244203,1.2040083666516075e-06,0.6424714192424432,1598.5046481860982,2873.4250576544578,2127.904389289242,3093.728636652334,False,0.0,2873.425063455222,30.08866940000007,,,,,,,
9,xy,1,1,6,3,,0.6424714192424432,2002.3490740307564,2002.3490740307564,30,1,150,10.05151360000309,COBYLA,0.6424714192424432,best-feasible-in-distribution,1.0,0.0003208588490263292,1.0,0.0,0.0004919705687234797,0.6424714192424432,2002.3490740307523,2002.3490740307525,1597.1842028541366,2476.817912933243,True,0.0,2002.3490740307573,16.285359100002097,,,,,,,
9,soft,1,1,6,3,1e-06,0.6424714192424432,3015.7010627896425,3015.7010627896425,31,1,150,6.608950499998173,COBYLA,0.6424714192424432,best-feasible-in-distribution,1.0,0.0003777895425281457,0.003587094833788302,0.9964129051662117,7.070726037162442e-09,0.6424714192424432,1700.6066789013316,3015.701057089299,2196.6309272663334,3990.8349292246803,False,0.0,3015.701062789626,9.211673400001018,,,,,,,
9,xy,2,1,6,3,,0.6424714192424432,1956.039564958396,1956.039564958396,34,1,150,10.971181100001559,COBYLA,0.6424714192424432,best-feasible-in-distribution,1.0,0.00032845522695554785,0.9999999999999978,2.220446049250313e-15,0.0024062677987590985,0.6424714192424432,1956.0395649584027,1956.039564958403,1591.9152135161542,2507.62903871911,True,0.0,1956.0395649583984,15.879587900002662,,,,,,,
9,soft,2,1,6,3,1e-06,0.6424714192424432,3125.153366137105,3125.153366137105,38,1,150,9.25257650000276,COBYLA,0.6424714192424432,best-feasible-in-distribution,1.0,0.0003125328576363604,0.003250837311996766,0.9967491626880033,4.579718724204077e-08,0.6424714192424432,2055.6923969574245,3125.153360444431,2109.643304338224,1603.567053778128,False,0.0,3125.15336613709,15.84025069999916,,,,,,,
9,xy,3,1,6,3,,0.6424714192424432,1963.345557758963,1963.345557758963,49,1,150,16.084663499997987,COBYLA,0.6424714192424432,best-feasible-in-distribution,1.0,0.00032723298081860835,0.9999999999999942,5.773159728050814e-15,0.0039928233980589724,0.6424714192424432,1963.3455577589768,1963.3455577589768,1666.7107382188224,3319.3058223894454,True,0.0,1963.3455577589652,25.475908399996115,,,,,,,
9,soft,3,1,6,3,1e-06,0.6424714192424432,3172.7120452197837,3172.7120452197837,56,1,150,17.47993829999905,COBYLA,0.6424714192424432,best-feasible-in-distribution,1.0,0.0003988718050865539,0.002658075930882622,0.9973419240691174,1.782785857032364e-06,0.6424714192424432,1610.7215678055484,3172.7120392450115,2439.9066994576838,978.9155325848363,False,0.0,3172.7120452197687,27.22911120000208,,,,,,,
9,xy,1,2,6,3,,0.6424714192424432,2020.252713287114,2020.252713287114,31,1,150,10.910436300000583,COBYLA,0.6424714192424432,best-feasible-in-distribution,1.0,0.00031801537254074077,1.0,0.0,0.003510409489978131,0.6424714192424432,2020.2527132871119,2020.2527132871116,1663.7866030544947,365.18925476861097,True,0.0,2020.2527132871132,12.956096099995193,,,,,,,
9,soft,1,2,6,3,1e-06,0.6424714192424432,3147.204736556283,3147.204736556283,25,1,150,4.630529300004127,COBYLA,0.6424714192424432,best-feasible-in-distribution,1.0,0.0003746644153815911,0.0026437986229874474,0.9973562013770125,3.6426206591724516e-08,0.6424714192424432,1714.7916718701294,3147.2047307019275,2259.6115717625303,3386.7940143234778,False,0.0,3147.2047365562657,8.180131599998276,,,,,,,
9,xy,2,2,6,3,,0.6424714192424432,2042.7896018847568,2042.7896018847568,43,1,150,18.207533800006786,COBYLA,0.6424714192424432,best-feasible-in-distribution,1.0,0.0003145068971614486,1.0,0.0,0.0002405452912267841,0.6424714192424432,2042.789601884749,2042.7896018847491,1747.6501227551873,3523.680321080972,True,0.0,2042.7896018847543,22.9656360999943,,,,,,,
9,soft,2,2,6,3,1e-06,0.6424714192424432,2020.7643644317814,2020.7643644317814,41,1,150,10.337294000004476,COBYLA,0.6424714192424432,best-feasible-in-distribution,1.0,0.0004255180352586403,0.004654271222996526,0.9953457287770034,5.048570282274623e-06,0.6424714192424432,1509.8570824428941,2020.7643593313499,1840.4089221362556,343.78034574934395,False,0.0,2020.7643644317698,14.336902000002738,,,,,,,
9,xy,3,2,6,3,,0.6424714192424432,1950.692336940841,1950.692336940841,58,1,150,20.81580729999405,COBYLA,0.6424714192424432,best-feasible-in-distribution,1.0,0.00032935558677079784,1.0,0.0,6.340741808685749e-05,0.6424714192424432,1950.6923369408216,1950.6923369408212,1611.6428657600782,477.3307110990484,True,0.0,1950.692336940837,29.185307600004307,,,,,,,
9,soft,3,2,6,3,1e-06,0.6424714192424432,2623.771951655177,2623.771951655177,50,1,150,26.92117419999704,COBYLA,0.6424714192424432,best-feasible-in-distribution,1.0,0.00047190916349498736,0.0032973982607376394,0.9967026017392624,1.3110900180913226e-07,0.6424714192424432,1361.4302686649728,2623.7719461563443,1974.4907118420379,2837.9077091569534,False,0.0,2623.771951655167,32.206919299998845,,,,,,,
